id_site,tm_encounter,cd_spp,cn_spp,n_fish,tot_length,weight,cd_sex,ind_ripe,cd_disp,loc_x,loc_y
123d_2020_008,2020-03-31 20:50:25 UTC,WE,walleye,1,445,750,Male,true,DE,573801.27008,4325586.60701
123d_2020_069,2020-06-30 18:48:26 UTC,WE,walleye,1,531,1420,Female,false,DE,573912.17033,4320221.24823
123d_2020_013,2020-04-07 20:46:47 UTC,WE,walleye,1,401,490,Male,false,DE,,
123d_2020_079,2020-07-09 20:42:06 UTC,SM,smallmouth bass,1,190,105,,false,DE,653505.7122,4315198.44532
123d_2020_025,2020-04-22 21:02:00 UTC,WE,walleye,1,531,1170,Female,false,DE,574345.52445,4319577.3728
123d_2020_016,2020-04-10 20:54:55 UTC,GS,green sunfish,1,77,,,false,DE,573976.07061,4322529.60527
123d_2020_016,2020-04-10 20:55:56 UTC,WE,walleye,1,423,630,Male,false,DE,573976.07061,4322529.60527
123d_2020_030,2020-04-28 19:41:13 UTC,WS,white sucker,1,154,40,,false,DE,573904.72989,4318999.10562
123d_2020_030,2020-04-28 19:41:47 UTC,WE,walleye,1,470,910,Female,false,DE,573904.72989,4318999.10562
123d_2020_072,2020-07-02 19:17:12 UTC,SM,smallmouth bass,1,262,250,Female,false,DE,656956.59114,4314531.82406
123d_2020_072,2020-07-02 19:18:06 UTC,SM,smallmouth bass,1,184,80,,false,DE,656956.59114,4314531.82406
123d_2020_065,2020-06-25 19:27:11 UTC,SM,smallmouth bass,1,283,360,Male,true,DE,574372.48958,4324774.57452
123d_2020_065,2020-06-25 19:29:29 UTC,SM,smallmouth bass,1,273,340,,false,DE,574372.48958,4324774.57452
123d_2020_057,2020-06-24 20:28:34 UTC,CS,Colorado pikeminnow,1,550,1310,Male,true,RA,579357.55423,4338589.86551
123d_2020_057,2020-06-24 21:56:36 UTC,SM,smallmouth bass,1,233,160,Male,true,DE,577315.01946,4337414.68081
123d_2020_050,2020-06-03 19:28:09 UTC,CS,Colorado pikeminnow,1,883,,Female,false,RA,574178.50859,4323662.99841
123d_2020_050,2020-06-03 20:16:23 UTC,WE,walleye,1,468,970,Male,false,DE,574178.50859,4323662.99841
123d_2020_018,2020-04-14 19:13:30 UTC,RZ,razorback sucker,1,518,1420,,false,RA,574169.67537,4325408.33618
123d_2020_018,2020-04-14 19:48:24 UTC,SM,smallmouth bass,1,264,320,Male,false,DE,574169.67537,4325408.33618
123d_2020_022,2020-04-16 20:57:52 UTC,CS,Colorado pikeminnow,1,685,2750,,false,RA,573762.53723,4321004.71291
123d_2020_022,2020-04-16 21:36:50 UTC,HB,humpback chub,1,299,230,,false,RA,573762.53723,4321004.71291
123d_2020_059,2020-06-24 23:19:52 UTC,BT,bonytail [chub],1,272,120,,false,RA,577908.8458,4335847.43695
123d_2020_059,2020-06-24 23:25:46 UTC,BT,bonytail [chub],1,272,110,,false,RA,577908.8458,4335847.43695
123d_2020_064,2020-06-25 19:28:16 UTC,WE,walleye,1,452,1000,,false,DE,574365.84999,4324770.69385
123d_2020_064,2020-06-25 19:28:52 UTC,GZ,gizzard shad,1,425,680,,false,DE,574365.84999,4324770.69385
123d_2020_064,2020-06-25 19:37:46 UTC,GS,green sunfish,1,112,30,,false,DE,574365.84999,4324770.69385
123d_2020_028,2020-04-28 17:38:19 UTC,WE,walleye,1,446,735,Male,false,DE,574499.86079,4323497.49254
123d_2020_028,2020-04-28 17:42:54 UTC,WE,walleye,1,442,820,Male,false,DE,574499.86079,4323497.49254
123d_2020_028,2020-04-28 17:46:33 UTC,CC,channel catfish,1,750,4300,,false,DE,574499.86079,4323497.49254
123d_2020_019,2020-04-14 20:41:25 UTC,WE,walleye,1,510,1240,Female,false,DE,573805.1688,4321741.09136
123d_2020_019,2020-04-14 20:43:11 UTC,WE,walleye,1,445,760,Female,false,DE,573805.1688,4321741.09136
123d_2020_019,2020-04-14 20:44:10 UTC,WE,walleye,1,443,750,Male,true,DE,573805.1688,4321741.09136
123d_2020_024,2020-04-22 19:16:53 UTC,BC,black crappie,1,247,260,,false,DE,574497.64962,4323497.47161
123d_2020_024,2020-04-22 19:18:37 UTC,WE,walleye,1,540,1330,Female,false,DE,574497.64962,4323497.47161
123d_2020_024,2020-04-22 19:24:06 UTC,GC,grass carp,1,645,3500,,false,DE,574497.64962,4323497.47161
123d_2020_044,2020-05-26 22:35:14 UTC,WE,walleye,1,465,850,Female,false,DE,574114.18535,4319241.24221
123d_2020_044,2020-05-26 22:36:32 UTC,WE,walleye,1,418,645,Female,false,DE,574114.18535,4319241.24221
123d_2020_044,2020-05-26 22:37:33 UTC,WE,walleye,1,377,510,Female,false,DE,574114.18535,4319241.24221
123d_2020_002,2020-03-20 20:11:36 UTC,WE,walleye,1,559,1840,Female,false,DE,,
123d_2020_002,2020-03-20 20:15:08 UTC,WE,walleye,1,467,950,Male,true,DE,,
123d_2020_002,2020-03-20 20:15:38 UTC,WE,walleye,1,417,700,Male,true,DE,,
123d_2020_010,2020-04-03 19:14:25 UTC,WE,walleye,1,430,730,Male,true,DE,574536.68141,4323513.0709
123d_2020_010,2020-04-03 19:16:12 UTC,WE,walleye,1,438,660,Male,true,DE,574536.68141,4323513.0709
123d_2020_010,2020-04-03 19:17:41 UTC,WE,walleye,1,450,720,Male,true,DE,574536.68141,4323513.0709
123d_2020_011,2020-04-07 17:52:49 UTC,WE,walleye,1,445,730,Male,true,DE,573965.18631,4325568.50317
123d_2020_011,2020-04-07 17:57:06 UTC,WE,walleye,1,391,500,Male,true,DE,573965.18631,4325568.50317
123d_2020_011,2020-04-07 17:59:37 UTC,WE,walleye,1,480,890,Female,false,DE,573965.18631,4325568.50317
123d_2020_011,2020-04-07 18:04:10 UTC,WS,white sucker,1,339,480,,false,DE,573965.18631,4325568.50317
123d_2020_052,2020-06-04 17:49:29 UTC,WE,walleye,1,518,1300,Female,false,DE,574350.8862,4324561.95626
123d_2020_052,2020-06-04 17:52:26 UTC,WE,walleye,1,451,840,Male,false,DE,574350.8862,4324561.95626
123d_2020_052,2020-06-04 17:53:30 UTC,WE,walleye,1,396,600,Male,false,DE,574350.8862,4324561.95626
123d_2020_052,2020-06-04 17:54:47 UTC,WE,walleye,1,453,805,Male,false,DE,574350.8862,4324561.95626
123d_2020_027,2020-04-24 20:04:03 UTC,WE,walleye,1,445,800,Male,false,DE,573865.96898,4322183.67802
123d_2020_027,2020-04-24 20:06:53 UTC,WE,walleye,1,465,840,Male,false,DE,573865.96898,4322183.67802
123d_2020_027,2020-04-24 20:08:44 UTC,WE,walleye,1,480,980,Male,false,DE,573865.96898,4322183.67802
123d_2020_027,2020-04-24 20:10:03 UTC,SM,smallmouth bass,1,240,250,,false,DE,573865.96898,4322183.67802
123d_2020_036,2020-05-12 20:58:15 UTC,GZ,gizzard shad,1,430,710,,false,DE,574295.79371,4323189.43314
123d_2020_036,2020-05-12 21:00:18 UTC,WE,walleye,1,457,800,Male,false,DE,574295.79371,4323189.43314
123d_2020_036,2020-05-12 21:01:09 UTC,WE,walleye,1,465,880,Male,false,DE,574295.79371,4323189.43314
123d_2020_036,2020-05-12 21:01:43 UTC,WE,walleye,1,534,1210,Male,false,DE,574295.79371,4323189.43314
123d_2020_014,2020-04-10 18:03:26 UTC,WE,walleye,1,460,830,Male,true,DE,574242.04305,4325183.69196
123d_2020_014,2020-04-10 18:14:08 UTC,SM,smallmouth bass,1,230,170,,false,DE,574242.04305,4325183.69196
123d_2020_014,2020-04-10 18:15:30 UTC,WS,white sucker,1,337,480,Female,false,DE,574242.04305,4325183.69196
123d_2020_014,2020-04-10 18:16:12 UTC,WS,white sucker,1,138,30,,false,DE,574242.04305,4325183.69196
123d_2020_034,2020-05-05 19:45:15 UTC,GZ,gizzard shad,1,430,670,,false,DE,,
123d_2020_034,2020-05-05 19:45:41 UTC,WS,white sucker,1,337,450,Female,false,DE,,
123d_2020_034,2020-05-05 19:46:41 UTC,WE,walleye,1,373,460,Male,false,DE,,
123d_2020_034,2020-05-05 19:47:33 UTC,WE,walleye,1,416,700,Male,false,DE,,
123d_2020_021,2020-04-16 20:03:42 UTC,SM,smallmouth bass,1,375,810,Female,false,DE,574374.56757,4324108.6592
123d_2020_021,2020-04-16 20:09:43 UTC,NP,northern pike,1,775,2900,Male,true,DE,574374.56757,4324108.6592
123d_2020_021,2020-04-16 20:15:33 UTC,WE,walleye,1,397,470,Male,true,DE,574374.56757,4324108.6592
123d_2020_021,2020-04-16 20:17:45 UTC,WE,walleye,1,465,900,Male,false,DE,574374.56757,4324108.6592
123d_2020_023,2020-04-22 17:43:10 UTC,HB,humpback chub,1,282,160,,false,RA,574349.14322,4324371.85974
123d_2020_023,2020-04-22 17:47:47 UTC,WE,walleye,1,476,880,Male,true,DE,574349.14322,4324371.85974
123d_2020_023,2020-04-22 17:50:24 UTC,WE,walleye,1,344,340,Male,true,DE,574349.14322,4324371.85974
123d_2020_023,2020-04-22 17:51:05 UTC,WE,walleye,1,496,1030,Female,false,DE,574349.14322,4324371.85974
123d_2020_074,2020-07-02 20:36:28 UTC,RT,roundtail chub,1,185,65,,false,RA,654936.66301,4314014.55823
123d_2020_074,2020-07-02 20:47:48 UTC,LG,largemouth bass,1,191,125,,false,DE,654936.66301,4314014.55823
123d_2020_074,2020-07-02 20:48:45 UTC,SM,smallmouth bass,1,253,260,Male,true,DE,654936.66301,4314014.55823
123d_2020_074,2020-07-02 20:49:22 UTC,WS,white sucker,1,394,620,Female,false,DE,654936.66301,4314014.55823
123d_2020_009,2020-04-03 17:09:18 UTC,NP,northern pike,1,611,1250,Female,false,DE,,
123d_2020_009,2020-04-03 17:13:14 UTC,WE,walleye,1,445,790,Male,true,DE,,
123d_2020_009,2020-04-03 17:14:37 UTC,WE,walleye,1,390,460,Male,true,DE,,
123d_2020_009,2020-04-03 17:15:39 UTC,SM,smallmouth bass,1,226,180,Male,false,DE,,
123d_2020_009,2020-04-03 17:17:03 UTC,SM,smallmouth bass,1,251,260,Male,false,DE,,
123d_2020_006,2020-03-31 17:40:10 UTC,WE,walleye,1,465,860,Male,true,DE,573962.83259,4325291.16678
123d_2020_006,2020-03-31 17:44:08 UTC,WE,walleye,1,440,700,Male,true,DE,573962.83259,4325291.16678
123d_2020_006,2020-03-31 17:44:38 UTC,WE,walleye,1,440,820,Male,true,DE,573962.83259,4325291.16678
123d_2020_006,2020-03-31 17:45:09 UTC,WE,walleye,1,434,690,Male,true,DE,573962.83259,4325291.16678
123d_2020_006,2020-03-31 17:45:54 UTC,WE,walleye,1,450,1050,Female,false,DE,573962.83259,4325291.16678
123d_2020_033,2020-05-05 17:36:48 UTC,GZ,gizzard shad,1,425,750,,false,DE,,
123d_2020_033,2020-05-05 17:37:42 UTC,WE,walleye,1,438,710,Male,false,DE,,
123d_2020_033,2020-05-05 17:42:30 UTC,WE,walleye,1,442,760,Male,false,DE,,
123d_2020_033,2020-05-05 17:46:14 UTC,SM,smallmouth bass,1,417,1210,Female,false,DE,,
123d_2020_033,2020-05-05 17:49:39 UTC,GC,grass carp,1,785,5000,Female,false,DE,,
123d_2020_004,2020-03-25 19:51:15 UTC,RZ,razorback sucker,1,417,840,Male,true,RA,,
123d_2020_004,2020-03-25 20:49:08 UTC,WE,walleye,1,380,460,Male,true,DE,,
123d_2020_004,2020-03-25 20:49:56 UTC,WE,walleye,1,472,1000,Male,true,DE,,
123d_2020_004,2020-03-25 20:50:42 UTC,WE,walleye,1,525,1430,Female,false,DE,,
123d_2020_004,2020-03-25 20:51:42 UTC,WE,walleye,1,470,850,Male,true,DE,,
123d_2020_015,2020-04-10 19:09:22 UTC,RZ,razorback sucker,1,487,1170,,false,RA,574408.00951,4325218.12166
123d_2020_015,2020-04-10 19:40:23 UTC,BT,bonytail [chub],1,325,210,,false,RA,574408.00951,4325218.12166
123d_2020_015,2020-04-10 20:07:03 UTC,SM,smallmouth bass,1,269,290,,false,DE,574408.00951,4325218.12166
123d_2020_015,2020-04-10 20:10:07 UTC,GS,green sunfish,1,130,20,,false,DE,574408.00951,4325218.12166
123d_2020_015,2020-04-10 20:10:55 UTC,WS,white sucker,1,171,60,,false,DE,574408.00951,4325218.12166
123d_2020_012,2020-04-07 19:36:35 UTC,RZ,razorback sucker,1,479,1310,Male,true,RA,574341.5243,4325021.41929
123d_2020_012,2020-04-07 19:45:11 UTC,RZ,razorback sucker,1,484,1030,,false,RA,574341.5243,4325021.41929
123d_2020_012,2020-04-07 19:46:47 UTC,SM,smallmouth bass,1,353,740,Female,false,DE,574341.5243,4325021.41929
123d_2020_012,2020-04-07 19:48:00 UTC,SM,smallmouth bass,1,213,180,,false,DE,574341.5243,4325021.41929
123d_2020_012,2020-04-07 19:48:52 UTC,GS,green sunfish,1,123,40,,false,DE,574341.5243,4325021.41929
123d_2020_020,2020-04-16 17:13:58 UTC,CS,Colorado pikeminnow,1,614,1860,,false,RA,573961.85476,4325559.4081
123d_2020_020,2020-04-16 17:22:10 UTC,WE,walleye,1,384,490,Male,true,DE,573961.85476,4325559.4081
123d_2020_020,2020-04-16 18:05:16 UTC,WE,walleye,1,478,900,Male,true,DE,573961.85476,4325559.4081
123d_2020_020,2020-04-16 18:05:46 UTC,NP,northern pike,1,546,880,Male,true,DE,573961.85476,4325559.4081
123d_2020_020,2020-04-16 18:06:47 UTC,BC,black crappie,1,185,90,,false,DE,573961.85476,4325559.4081
123d_2020_020,2020-04-16 18:07:26 UTC,GS,green sunfish,1,105,10,,false,DE,573961.85476,4325559.4081
123d_2020_053,2020-06-04 18:58:24 UTC,CS,Colorado pikeminnow,1,487,840,,false,RA,574440.17688,4325186.24049
123d_2020_053,2020-06-04 19:47:58 UTC,WE,walleye,1,482,1050,,false,DE,574345.00578,4324454.8743
123d_2020_053,2020-06-04 19:49:00 UTC,WE,walleye,1,399,580,,false,DE,574345.00578,4324454.8743
123d_2020_053,2020-06-04 19:49:53 UTC,WE,walleye,1,400,570,,false,DE,574345.00578,4324454.8743
123d_2020_053,2020-06-04 19:50:42 UTC,WE,walleye,1,447,780,,false,DE,574345.00578,4324454.8743
123d_2020_053,2020-06-04 19:51:18 UTC,WE,walleye,1,430,740,,false,DE,574345.00578,4324454.8743
123d_2020_003,2020-03-25 18:26:53 UTC,WE,walleye,1,541,1380,Male,true,DE,,
123d_2020_003,2020-03-25 18:30:05 UTC,WE,walleye,1,450,790,Male,true,DE,,
123d_2020_003,2020-03-25 18:31:12 UTC,WE,walleye,1,521,1250,Male,true,DE,,
123d_2020_003,2020-03-25 18:31:48 UTC,WE,walleye,1,398,430,Male,true,DE,,
123d_2020_003,2020-03-25 18:33:05 UTC,WE,walleye,1,442,700,Male,true,DE,,
123d_2020_003,2020-03-25 18:33:49 UTC,WE,walleye,1,507,1110,Female,false,DE,,
123d_2020_003,2020-03-25 18:37:16 UTC,SM,smallmouth bass,1,312,450,Female,false,DE,,
123d_2020_007,2020-03-31 19:23:03 UTC,WE,walleye,1,475,1000,Male,true,DE,574356.86316,4324671.01581
123d_2020_007,2020-03-31 19:24:24 UTC,WE,walleye,1,450,840,Male,true,DE,574356.86316,4324671.01581
123d_2020_007,2020-03-31 19:26:15 UTC,WE,walleye,1,447,740,Male,true,DE,574356.86316,4324671.01581
123d_2020_007,2020-03-31 19:27:12 UTC,WE,walleye,1,469,970,Male,true,DE,574356.86316,4324671.01581
123d_2020_007,2020-03-31 19:27:35 UTC,WE,walleye,1,365,440,Male,true,DE,574356.86316,4324671.01581
123d_2020_007,2020-03-31 19:28:09 UTC,WE,walleye,1,505,1340,Male,true,DE,574356.86316,4324671.01581
123d_2020_007,2020-03-31 19:28:48 UTC,NP,northern pike,1,626,1480,Male,false,DE,574356.86316,4324671.01581
123d_2020_078,2020-07-09 20:42:30 UTC,SM,smallmouth bass,1,257,220,,false,DE,653501.78619,4315200.81878
123d_2020_078,2020-07-09 20:43:57 UTC,SM,smallmouth bass,1,247,230,,false,DE,653501.78619,4315200.81878
123d_2020_078,2020-07-09 20:44:36 UTC,SM,smallmouth bass,1,249,230,,false,DE,653501.78619,4315200.81878
123d_2020_078,2020-07-09 20:44:54 UTC,SM,smallmouth bass,1,210,140,,false,DE,653501.78619,4315200.81878
123d_2020_078,2020-07-09 20:45:08 UTC,SM,smallmouth bass,1,200,130,,false,DE,653501.78619,4315200.81878
123d_2020_078,2020-07-09 20:45:28 UTC,SM,smallmouth bass,1,239,210,,false,DE,653501.78619,4315200.81878
123d_2020_078,2020-07-09 20:45:51 UTC,BB,black bullhead,1,170,100,,false,DE,653501.78619,4315200.81878
123d_2020_078,2020-07-09 20:45:55 UTC,BB,black bullhead,1,142,50,,false,DE,653501.78619,4315200.81878
123d_2020_066,2020-06-30 16:25:47 UTC,BT,bonytail [chub],1,343,250,,false,RA,574300.19083,4325325.94126
123d_2020_066,2020-06-30 16:57:40 UTC,BT,bonytail [chub],1,273,150,,false,RA,574580.54882,4323599.23776
123d_2020_066,2020-06-30 17:10:31 UTC,NP,northern pike,1,590,1220,Male,false,DE,574580.54882,4323599.23776
123d_2020_066,2020-06-30 17:12:51 UTC,GS,green sunfish,1,138,50,,false,DE,574580.54882,4323599.23776
123d_2020_066,2020-06-30 17:13:27 UTC,GS,green sunfish,1,151,80,,false,DE,574580.54882,4323599.23776
123d_2020_066,2020-06-30 17:13:49 UTC,GS,green sunfish,1,115,35,,false,DE,574580.54882,4323599.23776
123d_2020_066,2020-06-30 17:14:05 UTC,GS,green sunfish,1,126,45,,false,DE,574580.54882,4323599.23776
123d_2020_066,2020-06-30 17:14:27 UTC,GS,green sunfish,1,76,,,false,DE,574580.54882,4323599.23776
123d_2020_017,2020-04-14 17:47:09 UTC,RZ,razorback sucker,1,445,880,,false,RA,573975.37885,4325582.02364
123d_2020_017,2020-04-14 17:49:27 UTC,RZ,razorback sucker,1,442,950,,false,RA,573975.37885,4325582.02364
123d_2020_017,2020-04-14 18:06:26 UTC,NP,northern pike,1,515,900,Male,true,DE,573975.37885,4325582.02364
123d_2020_017,2020-04-14 18:08:59 UTC,WE,walleye,1,488,1100,Female,false,DE,573975.37885,4325582.02364
123d_2020_017,2020-04-14 18:12:08 UTC,WE,walleye,1,510,1200,Male,true,DE,573975.37885,4325582.02364
123d_2020_017,2020-04-14 18:12:48 UTC,WE,walleye,1,460,800,Male,true,DE,573975.37885,4325582.02364
123d_2020_017,2020-04-14 18:13:57 UTC,WS,white sucker,1,325,450,,false,DE,573975.37885,4325582.02364
123d_2020_017,2020-04-14 18:14:28 UTC,BN,brown trout,1,248,160,,false,DE,573975.37885,4325582.02364
123d_2020_026,2020-04-24 18:14:35 UTC,WE,walleye,1,514,1080,Female,false,DE,574465.78595,4324301.37806
123d_2020_026,2020-04-24 18:17:32 UTC,WE,walleye,1,375,410,Male,false,DE,574465.78595,4324301.37806
123d_2020_026,2020-04-24 18:18:26 UTC,WE,walleye,1,387,500,Male,true,DE,574465.78595,4324301.37806
123d_2020_026,2020-04-24 18:19:04 UTC,WE,walleye,1,376,470,Male,false,DE,574465.78595,4324301.37806
123d_2020_026,2020-04-24 18:19:46 UTC,SM,smallmouth bass,1,357,770,Female,false,DE,574465.78595,4324301.37806
123d_2020_026,2020-04-24 18:20:49 UTC,SM,smallmouth bass,1,219,173,Male,false,DE,574465.78595,4324301.37806
123d_2020_026,2020-04-24 18:21:23 UTC,WS,white sucker,1,97,,,false,DE,574465.78595,4324301.37806
123d_2020_026,2020-04-24 18:23:23 UTC,WS,white sucker,1,109,12,,false,DE,574465.78595,4324301.37806
123d_2020_026,2020-04-24 18:23:36 UTC,WS,white sucker,1,114,16,,false,DE,574465.78595,4324301.37806
123d_2020_049,2020-06-03 17:19:14 UTC,CS,Colorado pikeminnow,1,497,880,Male,false,RA,574378.92071,4324092.08958
123d_2020_049,2020-06-03 17:22:12 UTC,BT,bonytail [chub],1,253,130,,false,RA,574378.92071,4324092.08958
123d_2020_049,2020-06-03 17:59:47 UTC,WE,walleye,1,370,530,,false,DE,574436.95467,4325023.98688
123d_2020_049,2020-06-03 18:04:31 UTC,WE,walleye,1,370,450,Male,false,DE,574436.95467,4325023.98688
123d_2020_049,2020-06-03 18:05:25 UTC,WE,walleye,1,445,800,Male,false,DE,574436.95467,4325023.98688
123d_2020_049,2020-06-03 18:06:19 UTC,WE,walleye,1,470,900,Female,false,DE,574436.95467,4325023.98688
123d_2020_049,2020-06-03 18:08:29 UTC,WE,walleye,1,491,1040,Female,false,DE,574436.95467,4325023.98688
123d_2020_049,2020-06-03 18:10:14 UTC,WE,walleye,1,400,510,Male,false,DE,574436.95467,4325023.98688
123d_2020_049,2020-06-03 18:10:53 UTC,SM,smallmouth bass,1,330,550,Female,false,DE,574436.95467,4325023.98688
123d_2020_001,2020-03-20 17:39:43 UTC,WE,walleye,1,659,2750,Female,false,DE,,
123d_2020_001,2020-03-20 17:49:35 UTC,WE,walleye,1,459,860,Male,true,DE,,
123d_2020_001,2020-03-20 17:51:26 UTC,WE,walleye,1,460,920,Male,true,DE,,
123d_2020_001,2020-03-20 17:51:52 UTC,WE,walleye,1,365,400,Male,true,DE,,
123d_2020_001,2020-03-20 17:52:32 UTC,WE,walleye,1,378,500,Male,true,DE,,
123d_2020_001,2020-03-20 17:53:21 UTC,WE,walleye,1,465,920,Male,true,DE,,
123d_2020_001,2020-03-20 17:54:03 UTC,WE,walleye,1,517,1480,Female,false,DE,,
123d_2020_001,2020-03-20 17:55:03 UTC,WE,walleye,1,438,760,Male,true,DE,,
123d_2020_001,2020-03-20 17:55:35 UTC,WE,walleye,1,423,750,Male,true,DE,,
123d_2020_001,2020-03-20 17:56:25 UTC,WE,walleye,1,380,500,Male,true,DE,,
123d_2020_043,2020-05-26 20:46:54 UTC,GZ,gizzard shad,1,420,680,Male,false,DE,573850.01219,4322160.23087
123d_2020_043,2020-05-26 20:49:14 UTC,GS,green sunfish,1,100,,,false,DE,573850.01219,4322160.23087
123d_2020_043,2020-05-26 20:50:35 UTC,SM,smallmouth bass,1,200,150,Female,false,DE,573850.01219,4322160.23087
123d_2020_043,2020-05-26 20:51:36 UTC,SM,smallmouth bass,1,360,730,Male,false,DE,573850.01219,4322160.23087
123d_2020_043,2020-05-26 20:52:51 UTC,SM,smallmouth bass,1,348,710,Female,false,DE,573850.01219,4322160.23087
123d_2020_043,2020-05-26 20:53:17 UTC,WE,walleye,1,461,900,Male,false,DE,573850.01219,4322160.23087
123d_2020_043,2020-05-26 20:55:25 UTC,WE,walleye,1,418,740,Male,false,DE,573850.01219,4322160.23087
123d_2020_043,2020-05-26 20:56:47 UTC,WE,walleye,1,440,790,Male,false,DE,573850.01219,4322160.23087
123d_2020_043,2020-05-26 20:57:41 UTC,WE,walleye,1,404,590,Female,false,DE,573850.01219,4322160.23087
123d_2020_043,2020-05-26 20:58:21 UTC,WE,walleye,1,419,750,Male,false,DE,573850.01219,4322160.23087
123d_2020_043,2020-05-26 21:00:12 UTC,WE,walleye,1,390,515,Female,false,DE,573850.01219,4322160.23087
123d_2020_045,2020-05-28 16:58:27 UTC,RT,roundtail chub,1,263,170,,false,RA,658171.91095,4316437.22345
123d_2020_045,2020-05-28 17:02:30 UTC,RT,roundtail chub,1,187,60,,false,RA,658171.91095,4316437.22345
123d_2020_045,2020-05-28 17:06:34 UTC,RT,roundtail chub,1,165,36,,false,RA,658171.91095,4316437.22345
123d_2020_045,2020-05-28 17:46:22 UTC,CH,"unknown chub, or chub with both humpback and roundtail characteristics",1,135,19,,false,RA,657724.54465,4316214.09236
123d_2020_045,2020-05-28 18:47:21 UTC,LG,largemouth bass,1,88,,,false,DE,656838.44557,4314494.27971
123d_2020_045,2020-05-28 18:48:38 UTC,SM,smallmouth bass,1,167,60,Male,false,DE,656838.44557,4314494.27971
123d_2020_045,2020-05-28 18:49:14 UTC,SM,smallmouth bass,1,172,60,Female,false,DE,656838.44557,4314494.27971
123d_2020_045,2020-05-28 18:49:49 UTC,SM,smallmouth bass,1,179,70,Male,false,DE,656838.44557,4314494.27971
123d_2020_045,2020-05-28 18:50:19 UTC,SM,smallmouth bass,1,194,100,Male,false,DE,656838.44557,4314494.27971
123d_2020_045,2020-05-28 18:50:42 UTC,SM,smallmouth bass,1,242,230,Male,false,DE,656838.44557,4314494.27971
123d_2020_045,2020-05-28 18:51:24 UTC,GS,green sunfish,1,96,,Female,true,DE,656838.44557,4314494.27971
123d_2020_045,2020-05-28 18:51:52 UTC,GZ,gizzard shad,1,195,60,Female,false,DE,656838.44557,4314494.27971
123d_2020_035,2020-05-12 18:58:47 UTC,CS,Colorado pikeminnow,1,607,2100,Male,false,RA,574359.2844,4324668.10025
123d_2020_035,2020-05-12 19:02:51 UTC,WE,walleye,1,580,1670,Female,false,DE,574351.02067,4323495.06093
123d_2020_035,2020-05-12 19:29:44 UTC,WE,walleye,1,440,750,Male,false,DE,574351.02067,4323495.06093
123d_2020_035,2020-05-12 19:30:53 UTC,WE,walleye,1,428,620,Male,false,DE,574351.02067,4323495.06093
123d_2020_035,2020-05-12 19:33:19 UTC,WE,walleye,1,428,670,Female,false,DE,574351.02067,4323495.06093
123d_2020_035,2020-05-12 19:34:50 UTC,WE,walleye,1,423,630,Male,false,DE,574351.02067,4323495.06093
123d_2020_035,2020-05-12 19:35:50 UTC,WE,walleye,1,458,840,Male,false,DE,574351.02067,4323495.06093
123d_2020_035,2020-05-12 19:37:26 UTC,WE,walleye,1,397,570,Male,false,DE,574351.02067,4323495.06093
123d_2020_035,2020-05-12 19:38:08 UTC,WE,walleye,1,444,730,Male,false,DE,574351.02067,4323495.06093
123d_2020_035,2020-05-12 19:39:29 UTC,SM,smallmouth bass,1,360,740,Female,false,DE,574351.02067,4323495.06093
123d_2020_035,2020-05-12 19:40:46 UTC,SM,smallmouth bass,1,335,650,Female,false,DE,574351.02067,4323495.06093
123d_2020_035,2020-05-12 19:41:35 UTC,SM,smallmouth bass,1,267,280,,false,DE,574351.02067,4323495.06093
123d_2020_035,2020-05-12 19:42:52 UTC,SM,smallmouth bass,1,230,220,Male,true,DE,574351.02067,4323495.06093
123d_2020_040,2020-05-19 19:42:14 UTC,CS,Colorado pikeminnow,1,883,,Female,false,RA,654587.24988,4314440.05007
123d_2020_040,2020-05-19 20:35:23 UTC,RT,roundtail chub,1,219,130,,false,RA,654587.24988,4314440.05007
123d_2020_040,2020-05-19 20:40:29 UTC,RT,roundtail chub,1,222,90,,false,RA,654587.24988,4314440.05007
123d_2020_040,2020-05-19 20:45:32 UTC,SM,smallmouth bass,1,210,110,Female,false,DE,654587.24988,4314440.05007
123d_2020_040,2020-05-19 20:51:11 UTC,SM,smallmouth bass,1,171,70,Male,false,DE,654587.24988,4314440.05007
123d_2020_040,2020-05-19 20:51:35 UTC,SM,smallmouth bass,1,214,120,Female,false,DE,654587.24988,4314440.05007
123d_2020_040,2020-05-19 20:52:12 UTC,SM,smallmouth bass,1,201,100,Female,false,DE,654587.24988,4314440.05007
123d_2020_040,2020-05-19 20:52:50 UTC,SM,smallmouth bass,1,228,160,Male,false,DE,654587.24988,4314440.05007
123d_2020_040,2020-05-19 20:53:19 UTC,SM,smallmouth bass,1,186,60,,false,DE,654587.24988,4314440.05007
123d_2020_040,2020-05-19 20:53:46 UTC,SM,smallmouth bass,1,168,60,Female,false,DE,654587.24988,4314440.05007
123d_2020_040,2020-05-19 20:54:14 UTC,SM,smallmouth bass,1,222,130,Male,true,DE,654587.24988,4314440.05007
123d_2020_040,2020-05-19 20:54:44 UTC,SM,smallmouth bass,1,208,140,Female,false,DE,654587.24988,4314440.05007
123d_2020_040,2020-05-19 20:55:20 UTC,SM,smallmouth bass,1,179,80,Female,false,DE,654587.24988,4314440.05007
123d_2020_040,2020-05-19 20:55:42 UTC,SM,smallmouth bass,1,204,110,Female,false,DE,654587.24988,4314440.05007
123d_2020_040,2020-05-19 20:56:08 UTC,SM,smallmouth bass,1,158,40,Male,true,DE,654587.24988,4314440.05007
123d_2020_040,2020-05-19 20:56:44 UTC,GZ,gizzard shad,1,371,560,Female,false,DE,654587.24988,4314440.05007
123d_2020_041,2020-05-21 17:12:18 UTC,RT,roundtail chub,1,360,460,,false,RA,652385.62593,4313242.76264
123d_2020_041,2020-05-21 17:16:56 UTC,SM,smallmouth bass,1,319,540,Female,false,DE,652385.62593,4313242.76264
123d_2020_041,2020-05-21 17:19:51 UTC,SM,smallmouth bass,1,291,450,Female,false,DE,652385.62593,4313242.76264
123d_2020_041,2020-05-21 17:20:32 UTC,SM,smallmouth bass,1,320,530,Female,false,DE,652385.62593,4313242.76264
123d_2020_041,2020-05-21 17:21:25 UTC,SM,smallmouth bass,1,333,550,Female,true,DE,652385.62593,4313242.76264
123d_2020_041,2020-05-21 17:22:02 UTC,SM,smallmouth bass,1,269,370,Male,false,DE,652385.62593,4313242.76264
123d_2020_041,2020-05-21 17:22:59 UTC,SM,smallmouth bass,1,225,200,Male,true,DE,652385.62593,4313242.76264
123d_2020_041,2020-05-21 17:23:29 UTC,SM,smallmouth bass,1,246,290,Male,false,DE,652385.62593,4313242.76264
123d_2020_041,2020-05-21 17:24:16 UTC,SM,smallmouth bass,1,308,460,Male,false,DE,652385.62593,4313242.76264
123d_2020_041,2020-05-21 17:24:57 UTC,SM,smallmouth bass,1,229,210,Male,false,DE,652385.62593,4313242.76264
123d_2020_041,2020-05-21 17:25:35 UTC,SM,smallmouth bass,1,237,250,Male,false,DE,652385.62593,4313242.76264
123d_2020_041,2020-05-21 17:26:14 UTC,SM,smallmouth bass,1,172,100,Male,false,DE,652385.62593,4313242.76264
123d_2020_041,2020-05-21 17:26:56 UTC,SM,smallmouth bass,1,230,220,Male,false,DE,652385.62593,4313242.76264
123d_2020_041,2020-05-21 17:27:30 UTC,GS,green sunfish,1,105,,Male,true,DE,652385.62593,4313242.76264
123d_2020_041,2020-05-21 17:29:08 UTC,GS,green sunfish,1,119,,Male,true,DE,652385.62593,4313242.76264
123d_2020_041,2020-05-21 17:29:40 UTC,WS,white sucker,1,255,200,,false,DE,652385.62593,4313242.76264
123d_2020_041,2020-05-21 17:30:31 UTC,WS,white sucker,1,411,890,Male,true,DE,652385.62593,4313242.76264
123d_2020_073,2020-07-02 18:07:01 UTC,CS,Colorado pikeminnow,1,415,520,,false,RA,657816.61523,4316256.91793
123d_2020_073,2020-07-02 18:21:57 UTC,SM,smallmouth bass,1,313,440,Male,false,DE,656976.37234,4314537.1249
123d_2020_073,2020-07-02 19:20:47 UTC,SM,smallmouth bass,1,315,410,,false,DE,656976.37234,4314537.1249
123d_2020_073,2020-07-02 19:22:02 UTC,SM,smallmouth bass,1,257,240,Female,false,DE,656976.37234,4314537.1249
123d_2020_073,2020-07-02 19:22:31 UTC,SM,smallmouth bass,1,341,540,Female,false,DE,656976.37234,4314537.1249
123d_2020_073,2020-07-02 19:25:52 UTC,SM,smallmouth bass,1,227,190,Female,false,DE,656976.37234,4314537.1249
123d_2020_073,2020-07-02 19:27:04 UTC,SM,smallmouth bass,1,205,100,,false,DE,656976.37234,4314537.1249
123d_2020_073,2020-07-02 19:28:10 UTC,SM,smallmouth bass,1,208,130,,false,DE,656976.37234,4314537.1249
123d_2020_073,2020-07-02 19:29:00 UTC,SM,smallmouth bass,1,233,160,Male,false,DE,656976.37234,4314537.1249
123d_2020_073,2020-07-02 19:29:41 UTC,SM,smallmouth bass,1,235,190,Female,false,DE,656976.37234,4314537.1249
123d_2020_073,2020-07-02 19:31:04 UTC,SM,smallmouth bass,1,282,310,Male,false,DE,656976.37234,4314537.1249
123d_2020_073,2020-07-02 19:32:00 UTC,SM,smallmouth bass,1,226,150,Male,false,DE,656976.37234,4314537.1249
123d_2020_073,2020-07-02 19:32:42 UTC,SM,smallmouth bass,1,206,120,,false,DE,656976.37234,4314537.1249
123d_2020_073,2020-07-02 19:33:31 UTC,SM,smallmouth bass,1,228,200,Female,false,DE,656976.37234,4314537.1249
123d_2020_073,2020-07-02 19:34:26 UTC,LG,largemouth bass,1,194,100,,false,DE,656976.37234,4314537.1249
123d_2020_073,2020-07-02 19:36:14 UTC,SM,smallmouth bass,1,219,140,Male,false,DE,656976.37234,4314537.1249
123d_2020_073,2020-07-02 19:36:48 UTC,SM,smallmouth bass,1,210,120,Male,false,DE,656976.37234,4314537.1249
123d_2020_073,2020-07-02 19:37:27 UTC,SM,smallmouth bass,1,199,120,,false,DE,656976.37234,4314537.1249
123d_2020_077,2020-07-09 18:59:03 UTC,SM,smallmouth bass,1,226,170,,false,DE,654477.01364,4314633.31253
123d_2020_077,2020-07-09 19:03:06 UTC,SM,smallmouth bass,1,221,190,,false,DE,654477.01364,4314633.31253
123d_2020_077,2020-07-09 19:04:39 UTC,SM,smallmouth bass,1,228,200,Female,true,DE,654477.01364,4314633.31253
123d_2020_077,2020-07-09 19:05:33 UTC,SM,smallmouth bass,1,110,160,,false,DE,654477.01364,4314633.31253
123d_2020_077,2020-07-09 19:06:04 UTC,SM,smallmouth bass,1,238,230,,false,DE,654477.01364,4314633.31253
123d_2020_077,2020-07-09 19:06:28 UTC,SM,smallmouth bass,1,229,200,,false,DE,654477.01364,4314633.31253
123d_2020_077,2020-07-09 19:06:47 UTC,SM,smallmouth bass,1,189,120,,false,DE,654477.01364,4314633.31253
123d_2020_077,2020-07-09 19:07:13 UTC,SM,smallmouth bass,1,205,150,,false,DE,654477.01364,4314633.31253
123d_2020_077,2020-07-09 19:07:55 UTC,SM,smallmouth bass,1,286,360,,false,DE,654477.01364,4314633.31253
123d_2020_077,2020-07-09 19:08:34 UTC,SM,smallmouth bass,1,224,250,,false,DE,654477.01364,4314633.31253
123d_2020_077,2020-07-09 19:09:02 UTC,SM,smallmouth bass,1,227,200,,false,DE,654477.01364,4314633.31253
123d_2020_077,2020-07-09 19:09:21 UTC,SM,smallmouth bass,1,176,110,,false,DE,654477.01364,4314633.31253
123d_2020_077,2020-07-09 19:09:42 UTC,SM,smallmouth bass,1,215,170,,false,DE,654477.01364,4314633.31253
123d_2020_077,2020-07-09 19:10:00 UTC,SM,smallmouth bass,1,235,220,,false,DE,654477.01364,4314633.31253
123d_2020_077,2020-07-09 19:10:21 UTC,SM,smallmouth bass,1,229,200,,false,DE,654477.01364,4314633.31253
123d_2020_077,2020-07-09 19:10:47 UTC,LG,largemouth bass,1,45,,,false,DE,654477.01364,4314633.31253
123d_2020_077,2020-07-09 19:11:25 UTC,GS,green sunfish,1,123,70,Female,true,DE,654477.01364,4314633.31253
123d_2020_077,2020-07-09 19:12:27 UTC,GS,green sunfish,1,113,50,Female,true,DE,654477.01364,4314633.31253
123d_2020_077,2020-07-09 19:12:45 UTC,GS,green sunfish,1,87,,Male,true,DE,654477.01364,4314633.31253
123d_2020_077,2020-07-09 19:13:09 UTC,GS,green sunfish,1,106,,Male,true,DE,654477.01364,4314633.31253
123d_2020_055,2020-06-23 19:57:11 UTC,SM,smallmouth bass,1,235,180,Male,false,DE,654996.06051,4313822.07548
123d_2020_055,2020-06-23 19:58:58 UTC,SM,smallmouth bass,1,274,300,Female,false,DE,654996.06051,4313822.07548
123d_2020_055,2020-06-23 20:00:06 UTC,SM,smallmouth bass,1,300,525,Male,false,DE,654996.06051,4313822.07548
123d_2020_055,2020-06-23 20:00:54 UTC,SM,smallmouth bass,1,302,375,Male,false,DE,654996.06051,4313822.07548
123d_2020_055,2020-06-23 20:01:22 UTC,SM,smallmouth bass,1,300,390,Male,false,DE,654996.06051,4313822.07548
123d_2020_055,2020-06-23 20:02:00 UTC,SM,smallmouth bass,1,257,250,Male,false,DE,654996.06051,4313822.07548
123d_2020_055,2020-06-23 20:02:28 UTC,SM,smallmouth bass,1,212,160,,false,DE,654996.06051,4313822.07548
123d_2020_055,2020-06-23 20:03:23 UTC,SM,smallmouth bass,1,266,290,,false,DE,654996.06051,4313822.07548
123d_2020_055,2020-06-23 20:03:51 UTC,SM,smallmouth bass,1,235,225,Female,false,DE,654996.06051,4313822.07548
123d_2020_055,2020-06-23 20:04:18 UTC,SM,smallmouth bass,1,233,200,Female,false,DE,654996.06051,4313822.07548
123d_2020_055,2020-06-23 20:04:51 UTC,SM,smallmouth bass,1,236,200,Male,false,DE,654996.06051,4313822.07548
123d_2020_055,2020-06-23 20:05:25 UTC,SM,smallmouth bass,1,238,200,Male,false,DE,654996.06051,4313822.07548
123d_2020_055,2020-06-23 20:05:51 UTC,SM,smallmouth bass,1,215,150,Male,false,DE,654996.06051,4313822.07548
123d_2020_055,2020-06-23 20:06:24 UTC,SM,smallmouth bass,1,202,120,,false,DE,654996.06051,4313822.07548
123d_2020_055,2020-06-23 20:07:42 UTC,SM,smallmouth bass,1,218,160,Female,false,DE,654996.06051,4313822.07548
123d_2020_055,2020-06-23 20:08:04 UTC,SM,smallmouth bass,1,248,200,Male,false,DE,654996.06051,4313822.07548
123d_2020_055,2020-06-23 20:08:26 UTC,SM,smallmouth bass,1,222,150,Male,false,DE,654996.06051,4313822.07548
123d_2020_055,2020-06-23 20:08:55 UTC,LG,largemouth bass,1,122,120,,false,DE,654996.06051,4313822.07548
123d_2020_055,2020-06-23 20:10:11 UTC,LG,largemouth bass,1,142,45,,false,DE,654996.06051,4313822.07548
123d_2020_055,2020-06-23 20:10:36 UTC,BG,bluegill,1,133,150,,false,DE,654996.06051,4313822.07548
123d_2020_055,2020-06-23 20:11:36 UTC,GZ,gizzard shad,1,435,820,,false,DE,654996.06051,4313822.07548
123d_2020_032,2020-05-01 19:37:12 UTC,RT,roundtail chub,1,281,210,,false,RA,656840.56341,4314493.84072
123d_2020_032,2020-05-01 20:23:03 UTC,BN,brown trout,1,305,380,Female,false,DE,656840.56341,4314493.84072
123d_2020_032,2020-05-01 20:58:58 UTC,CS,Colorado pikeminnow,1,460,850,,false,RA,654018.3155,4314886.71415
123d_2020_032,2020-05-01 21:01:27 UTC,SM,smallmouth bass,1,246,230,Male,true,DE,654016.0051,4314889.13626
123d_2020_032,2020-05-01 21:06:10 UTC,SM,smallmouth bass,1,197,130,Male,true,DE,654016.0051,4314889.13626
123d_2020_032,2020-05-01 21:07:05 UTC,SM,smallmouth bass,1,191,100,Male,true,DE,654016.0051,4314889.13626
123d_2020_032,2020-05-01 21:07:37 UTC,SM,smallmouth bass,1,206,110,Male,true,DE,654016.0051,4314889.13626
123d_2020_032,2020-05-01 21:08:15 UTC,SM,smallmouth bass,1,170,55,,false,DE,654016.0051,4314889.13626
123d_2020_032,2020-05-01 21:09:03 UTC,SM,smallmouth bass,1,177,70,,false,DE,654016.0051,4314889.13626
123d_2020_032,2020-05-01 21:09:38 UTC,SM,smallmouth bass,1,207,130,Male,true,DE,654016.0051,4314889.13626
123d_2020_032,2020-05-01 21:09:54 UTC,SM,smallmouth bass,1,167,60,Male,true,DE,654016.0051,4314889.13626
123d_2020_032,2020-05-01 21:10:35 UTC,SM,smallmouth bass,1,177,85,Male,true,DE,654016.0051,4314889.13626
123d_2020_032,2020-05-01 21:10:51 UTC,SM,smallmouth bass,1,202,105,Female,false,DE,654016.0051,4314889.13626
123d_2020_032,2020-05-01 21:11:52 UTC,SM,smallmouth bass,1,235,210,Male,true,DE,654016.0051,4314889.13626
123d_2020_032,2020-05-01 21:12:08 UTC,SM,smallmouth bass,1,162,50,,false,DE,654016.0051,4314889.13626
123d_2020_032,2020-05-01 21:12:41 UTC,SM,smallmouth bass,1,208,140,Male,true,DE,654016.0051,4314889.13626
123d_2020_032,2020-05-01 21:13:19 UTC,SM,smallmouth bass,1,178,75,Male,true,DE,654016.0051,4314889.13626
123d_2020_032,2020-05-01 21:13:40 UTC,SM,smallmouth bass,1,158,60,,false,DE,654016.0051,4314889.13626
123d_2020_032,2020-05-01 21:14:13 UTC,SM,smallmouth bass,1,180,75,,false,DE,654016.0051,4314889.13626
123d_2020_032,2020-05-01 21:14:39 UTC,SM,smallmouth bass,1,154,45,,false,DE,654016.0051,4314889.13626
123d_2020_032,2020-05-01 21:15:01 UTC,SM,smallmouth bass,1,191,105,,false,DE,654016.0051,4314889.13626
123d_2020_032,2020-05-01 21:15:44 UTC,WS,white sucker,1,187,80,,false,DE,654016.0051,4314889.13626
123d_2020_032,2020-05-01 21:16:25 UTC,WS,white sucker,1,206,80,,false,DE,654016.0051,4314889.13626
123d_2020_031,2020-05-01 18:28:40 UTC,RT,roundtail chub,1,158,33,,false,RA,657178.91742,4314882.8364
123d_2020_031,2020-05-01 18:36:49 UTC,SM,smallmouth bass,1,297,380,Male,true,DE,657178.91742,4314882.8364
123d_2020_031,2020-05-01 18:38:15 UTC,SM,smallmouth bass,1,357,580,Male,false,DE,657178.91742,4314882.8364
123d_2020_031,2020-05-01 18:39:28 UTC,SM,smallmouth bass,1,235,200,Male,true,DE,657178.91742,4314882.8364
123d_2020_031,2020-05-01 18:39:57 UTC,SM,smallmouth bass,1,226,200,Male,true,DE,657178.91742,4314882.8364
123d_2020_031,2020-05-01 18:40:16 UTC,SM,smallmouth bass,1,237,180,Male,false,DE,657178.91742,4314882.8364
123d_2020_031,2020-05-01 18:41:05 UTC,SM,smallmouth bass,1,175,80,Female,false,DE,657178.91742,4314882.8364
123d_2020_031,2020-05-01 18:41:54 UTC,SM,smallmouth bass,1,184,90,Female,false,DE,657178.91742,4314882.8364
123d_2020_031,2020-05-01 18:42:16 UTC,SM,smallmouth bass,1,177,80,,false,DE,657178.91742,4314882.8364
123d_2020_031,2020-05-01 18:42:38 UTC,SM,smallmouth bass,1,198,120,Male,false,DE,657178.91742,4314882.8364
123d_2020_031,2020-05-01 18:43:02 UTC,SM,smallmouth bass,1,158,50,,false,DE,657178.91742,4314882.8364
123d_2020_031,2020-05-01 18:43:32 UTC,SM,smallmouth bass,1,309,410,Female,true,DE,657178.91742,4314882.8364
123d_2020_031,2020-05-01 18:44:37 UTC,SM,smallmouth bass,1,202,120,Female,false,DE,657178.91742,4314882.8364
123d_2020_031,2020-05-01 18:45:15 UTC,SM,smallmouth bass,1,189,120,Male,true,DE,657178.91742,4314882.8364
123d_2020_031,2020-05-01 18:45:32 UTC,SM,smallmouth bass,1,187,90,Male,false,DE,657178.91742,4314882.8364
123d_2020_031,2020-05-01 18:45:59 UTC,SM,smallmouth bass,1,182,100,Female,false,DE,657178.91742,4314882.8364
123d_2020_031,2020-05-01 18:46:52 UTC,SM,smallmouth bass,1,183,80,,false,DE,657178.91742,4314882.8364
123d_2020_031,2020-05-01 18:47:31 UTC,SM,smallmouth bass,1,237,200,Male,false,DE,657178.91742,4314882.8364
123d_2020_031,2020-05-01 18:48:14 UTC,GS,green sunfish,1,154,70,,false,DE,657178.91742,4314882.8364
123d_2020_031,2020-05-01 18:48:45 UTC,WS,white sucker,1,376,760,Female,false,DE,657178.91742,4314882.8364
123d_2020_031,2020-05-01 18:49:59 UTC,WS,white sucker,1,236,190,,false,DE,657178.91742,4314882.8364
123d_2020_031,2020-05-01 18:50:33 UTC,WS,white sucker,1,229,150,,false,DE,657178.91742,4314882.8364
123d_2020_031,2020-05-01 18:51:12 UTC,WS,white sucker,1,227,120,,false,DE,657178.91742,4314882.8364
123d_2020_031,2020-05-01 18:51:35 UTC,WF,flannelmouth sucker x white sucker,1,237,110,,false,DE,657178.91742,4314882.8364
123d_2020_054,2020-06-23 17:21:09 UTC,SM,smallmouth bass,1,197,110,,false,DE,656607.11648,4314393.20388
123d_2020_054,2020-06-23 17:26:28 UTC,SM,smallmouth bass,1,249,230,,false,DE,656607.11648,4314393.20388
123d_2020_054,2020-06-23 17:28:25 UTC,SM,smallmouth bass,1,238,170,,false,DE,656607.11648,4314393.20388
123d_2020_054,2020-06-23 17:29:32 UTC,SM,smallmouth bass,1,312,430,Female,false,DE,656607.11648,4314393.20388
123d_2020_054,2020-06-23 17:32:56 UTC,SM,smallmouth bass,1,241,220,,false,DE,656607.11648,4314393.20388
123d_2020_054,2020-06-23 17:34:07 UTC,SM,smallmouth bass,1,197,100,,false,DE,656607.11648,4314393.20388
123d_2020_054,2020-06-23 17:34:45 UTC,SM,smallmouth bass,1,246,230,Male,false,DE,656607.11648,4314393.20388
123d_2020_054,2020-06-23 17:37:06 UTC,SM,smallmouth bass,1,212,140,Male,false,DE,656607.11648,4314393.20388
123d_2020_054,2020-06-23 17:37:54 UTC,SM,smallmouth bass,1,245,220,Male,true,DE,656607.11648,4314393.20388
123d_2020_054,2020-06-23 17:39:02 UTC,SM,smallmouth bass,1,279,290,Female,true,DE,656607.11648,4314393.20388
123d_2020_054,2020-06-23 17:39:55 UTC,SM,smallmouth bass,1,240,210,Male,false,DE,656607.11648,4314393.20388
123d_2020_054,2020-06-23 17:41:11 UTC,SM,smallmouth bass,1,237,200,Male,false,DE,656607.11648,4314393.20388
123d_2020_054,2020-06-23 17:42:19 UTC,SM,smallmouth bass,1,269,260,,false,DE,656607.11648,4314393.20388
123d_2020_054,2020-06-23 17:43:44 UTC,SM,smallmouth bass,1,227,150,Male,false,DE,656607.11648,4314393.20388
123d_2020_054,2020-06-23 17:44:55 UTC,SM,smallmouth bass,1,205,140,,false,DE,656607.11648,4314393.20388
123d_2020_054,2020-06-23 17:46:16 UTC,SM,smallmouth bass,1,196,110,Male,false,DE,656607.11648,4314393.20388
123d_2020_054,2020-06-23 17:47:08 UTC,SM,smallmouth bass,1,245,220,Male,true,DE,656607.11648,4314393.20388
123d_2020_054,2020-06-23 17:47:46 UTC,SM,smallmouth bass,1,193,90,Female,false,DE,656607.11648,4314393.20388
123d_2020_054,2020-06-23 17:49:13 UTC,SM,smallmouth bass,1,248,220,,false,DE,656607.11648,4314393.20388
123d_2020_054,2020-06-23 17:50:10 UTC,SM,smallmouth bass,1,240,200,Female,false,DE,656607.11648,4314393.20388
123d_2020_054,2020-06-23 17:51:17 UTC,SM,smallmouth bass,1,193,100,Male,true,DE,656607.11648,4314393.20388
123d_2020_054,2020-06-23 17:51:51 UTC,SM,smallmouth bass,1,256,220,Male,false,DE,656607.11648,4314393.20388
123d_2020_054,2020-06-23 17:53:26 UTC,SM,smallmouth bass,1,171,60,,false,DE,656607.11648,4314393.20388
123d_2020_054,2020-06-23 17:54:04 UTC,SM,smallmouth bass,1,194,110,Female,false,DE,656607.11648,4314393.20388
123d_2020_054,2020-06-23 17:54:50 UTC,GS,green sunfish,1,106,30,Male,true,DE,656607.11648,4314393.20388
123d_2020_042,2020-05-21 18:40:37 UTC,CS,Colorado pikeminnow,1,725,3750,,false,RA,655072.20756,4313883.52117
123d_2020_042,2020-05-21 18:54:19 UTC,SM,smallmouth bass,1,265,325,Male,true,DE,655072.20756,4313883.52117
123d_2020_042,2020-05-21 18:56:44 UTC,SM,smallmouth bass,1,240,210,Female,false,DE,655072.20756,4313883.52117
123d_2020_042,2020-05-21 18:57:53 UTC,SM,smallmouth bass,1,227,205,Male,false,DE,655072.20756,4313883.52117
123d_2020_042,2020-05-21 18:58:49 UTC,SM,smallmouth bass,1,200,105,,false,DE,655072.20756,4313883.52117
123d_2020_042,2020-05-21 18:59:53 UTC,SM,smallmouth bass,1,220,150,Female,false,DE,655072.20756,4313883.52117
123d_2020_042,2020-05-21 19:00:32 UTC,SM,smallmouth bass,1,240,250,Male,false,DE,655072.20756,4313883.52117
123d_2020_042,2020-05-21 19:01:21 UTC,LG,largemouth bass,1,170,50,,false,DE,655072.20756,4313883.52117
123d_2020_042,2020-05-21 19:02:11 UTC,WS,white sucker,1,394,670,,false,DE,655072.20756,4313883.52117
123d_2020_042,2020-05-21 19:03:23 UTC,WS,white sucker,1,275,210,,false,DE,655072.20756,4313883.52117
123d_2020_042,2020-05-21 19:03:57 UTC,GZ,gizzard shad,1,447,850,Female,false,DE,655072.20756,4313883.52117
123d_2020_042,2020-05-21 19:48:17 UTC,RT,roundtail chub,1,215,90,,false,RA,654508.16844,4314494.84604
123d_2020_042,2020-05-21 19:52:12 UTC,CS,Colorado pikeminnow,1,425,690,,false,RA,654508.16844,4314494.84604
123d_2020_042,2020-05-21 20:19:23 UTC,BT,bonytail [chub],1,335,280,,false,RA,653683.4115,4315013.76848
123d_2020_042,2020-05-21 20:21:08 UTC,SM,smallmouth bass,1,250,300,Female,false,DE,653683.4115,4315013.76848
123d_2020_042,2020-05-21 20:24:00 UTC,SM,smallmouth bass,1,197,105,Male,false,DE,653683.4115,4315013.76848
123d_2020_042,2020-05-21 20:24:30 UTC,SM,smallmouth bass,1,210,140,Female,false,DE,653683.4115,4315013.76848
123d_2020_042,2020-05-21 20:25:05 UTC,SM,smallmouth bass,1,203,110,Male,false,DE,653683.4115,4315013.76848
123d_2020_042,2020-05-21 20:25:39 UTC,SM,smallmouth bass,1,200,100,Female,false,DE,653683.4115,4315013.76848
123d_2020_042,2020-05-21 20:26:12 UTC,SM,smallmouth bass,1,207,150,Female,false,DE,653683.4115,4315013.76848
123d_2020_042,2020-05-21 20:26:43 UTC,SM,smallmouth bass,1,210,120,Female,false,DE,653683.4115,4315013.76848
123d_2020_042,2020-05-21 20:27:33 UTC,SM,smallmouth bass,1,236,210,Male,false,DE,653683.4115,4315013.76848
123d_2020_042,2020-05-21 20:29:16 UTC,SM,smallmouth bass,1,204,125,Male,false,DE,653683.4115,4315013.76848
123d_2020_042,2020-05-21 20:29:52 UTC,SM,smallmouth bass,1,200,105,Female,false,DE,653683.4115,4315013.76848
123d_2020_042,2020-05-21 20:30:31 UTC,SM,smallmouth bass,1,180,90,Male,false,DE,653683.4115,4315013.76848
123d_2020_042,2020-05-21 20:31:12 UTC,SM,smallmouth bass,1,234,200,Male,false,DE,653683.4115,4315013.76848
123d_2020_042,2020-05-21 20:32:02 UTC,SM,smallmouth bass,1,205,140,Male,false,DE,653683.4115,4315013.76848
123d_2020_042,2020-05-21 20:32:34 UTC,SM,smallmouth bass,1,165,50,Female,false,DE,653683.4115,4315013.76848
123d_2020_042,2020-05-21 20:33:23 UTC,WS,white sucker,1,365,540,,false,DE,653683.4115,4315013.76848
123d_2020_039,2020-05-19 17:25:03 UTC,RT,roundtail chub,1,151,26,,false,RA,657455.08349,4315378.11775
123d_2020_039,2020-05-19 18:19:55 UTC,HB,humpback chub,1,136,21,,false,RA,657113.80225,4314830.33787
123d_2020_039,2020-05-19 18:25:44 UTC,SM,smallmouth bass,1,189,95,,false,DE,657113.80225,4314830.33787
123d_2020_039,2020-05-19 18:27:23 UTC,SM,smallmouth bass,1,180,85,,false,DE,657113.80225,4314830.33787
123d_2020_039,2020-05-19 18:27:39 UTC,SM,smallmouth bass,1,180,100,,false,DE,657113.80225,4314830.33787
123d_2020_039,2020-05-19 18:28:28 UTC,SM,smallmouth bass,1,266,270,,false,DE,657113.80225,4314830.33787
123d_2020_039,2020-05-19 18:28:42 UTC,SM,smallmouth bass,1,153,,,false,DE,657113.80225,4314830.33787
123d_2020_039,2020-05-19 18:29:54 UTC,SM,smallmouth bass,1,192,110,,false,DE,657113.80225,4314830.33787
123d_2020_039,2020-05-19 18:30:48 UTC,SM,smallmouth bass,1,161,75,,false,DE,657113.80225,4314830.33787
123d_2020_039,2020-05-19 18:30:59 UTC,SM,smallmouth bass,1,184,110,Female,false,DE,657113.80225,4314830.33787
123d_2020_039,2020-05-19 18:31:49 UTC,SM,smallmouth bass,1,194,125,Female,false,DE,657113.80225,4314830.33787
123d_2020_039,2020-05-19 18:32:27 UTC,SM,smallmouth bass,1,215,150,Female,false,DE,657113.80225,4314830.33787
123d_2020_039,2020-05-19 18:32:55 UTC,SM,smallmouth bass,1,175,80,Female,false,DE,657113.80225,4314830.33787
123d_2020_039,2020-05-19 18:33:56 UTC,SM,smallmouth bass,1,200,105,Female,false,DE,657113.80225,4314830.33787
123d_2020_039,2020-05-19 18:34:18 UTC,SM,smallmouth bass,1,175,75,Female,false,DE,657113.80225,4314830.33787
123d_2020_039,2020-05-19 18:34:51 UTC,SM,smallmouth bass,1,197,110,Male,false,DE,657113.80225,4314830.33787
123d_2020_039,2020-05-19 18:35:20 UTC,SM,smallmouth bass,1,160,70,Female,false,DE,657113.80225,4314830.33787
123d_2020_039,2020-05-19 18:35:50 UTC,SM,smallmouth bass,1,181,100,Male,false,DE,657113.80225,4314830.33787
123d_2020_039,2020-05-19 18:36:17 UTC,SM,smallmouth bass,1,156,50,,false,DE,657113.80225,4314830.33787
123d_2020_039,2020-05-19 18:36:54 UTC,SM,smallmouth bass,1,196,100,Female,false,DE,657113.80225,4314830.33787
123d_2020_039,2020-05-19 18:37:26 UTC,SM,smallmouth bass,1,228,200,Male,false,DE,657113.80225,4314830.33787
123d_2020_039,2020-05-19 18:37:59 UTC,SM,smallmouth bass,1,186,100,Female,false,DE,657113.80225,4314830.33787
123d_2020_039,2020-05-19 18:38:26 UTC,SM,smallmouth bass,1,330,570,Female,false,DE,657113.80225,4314830.33787
123d_2020_039,2020-05-19 18:39:10 UTC,GS,green sunfish,1,96,,,false,DE,657113.80225,4314830.33787
123d_2020_039,2020-05-19 18:39:36 UTC,GS,green sunfish,1,91,,,false,DE,657113.80225,4314830.33787
123d_2020_039,2020-05-19 18:39:47 UTC,GS,green sunfish,1,118,,,false,DE,657113.80225,4314830.33787
123d_2020_039,2020-05-19 18:40:02 UTC,GS,green sunfish,1,92,,,false,DE,657113.80225,4314830.33787
123d_2020_039,2020-05-19 18:40:16 UTC,LG,largemouth bass,1,126,,,false,DE,657113.80225,4314830.33787
123d_2020_039,2020-05-19 18:40:58 UTC,BB,black bullhead,1,118,,,false,DE,657113.80225,4314830.33787
123d_2020_047,2020-06-02 17:06:21 UTC,HB,humpback chub,1,275,155,Male,true,RA,654935.97528,4314020.7399
123d_2020_047,2020-06-02 18:06:06 UTC,RT,roundtail chub,1,250,140,,false,RA,653669.96439,4315009.4496
123d_2020_047,2020-06-02 18:07:44 UTC,WE,walleye,1,408,720,Female,false,DE,653669.96439,4315009.4496
123d_2020_047,2020-06-02 18:10:38 UTC,SM,smallmouth bass,1,350,590,Female,false,DE,653669.96439,4315009.4496
123d_2020_047,2020-06-02 18:11:56 UTC,SM,smallmouth bass,1,337,550,Female,false,DE,653669.96439,4315009.4496
123d_2020_047,2020-06-02 18:12:38 UTC,SM,smallmouth bass,1,312,450,Male,true,DE,653669.96439,4315009.4496
123d_2020_047,2020-06-02 18:13:08 UTC,SM,smallmouth bass,1,342,530,Female,false,DE,653669.96439,4315009.4496
123d_2020_047,2020-06-02 18:14:20 UTC,SM,smallmouth bass,1,317,500,,false,DE,653669.96439,4315009.4496
123d_2020_047,2020-06-02 18:15:29 UTC,SM,smallmouth bass,1,292,400,Female,false,DE,653669.96439,4315009.4496
123d_2020_047,2020-06-02 18:16:23 UTC,SM,smallmouth bass,1,280,310,,false,DE,653669.96439,4315009.4496
123d_2020_047,2020-06-02 18:17:22 UTC,SM,smallmouth bass,1,248,220,,false,DE,653669.96439,4315009.4496
123d_2020_047,2020-06-02 18:18:11 UTC,SM,smallmouth bass,1,255,275,Female,false,DE,653669.96439,4315009.4496
123d_2020_047,2020-06-02 18:19:01 UTC,SM,smallmouth bass,1,277,315,Female,false,DE,653669.96439,4315009.4496
123d_2020_047,2020-06-02 18:19:52 UTC,SM,smallmouth bass,1,217,160,Female,false,DE,653669.96439,4315009.4496
123d_2020_047,2020-06-02 18:20:36 UTC,SM,smallmouth bass,1,237,200,Female,false,DE,653669.96439,4315009.4496
123d_2020_047,2020-06-02 18:21:04 UTC,SM,smallmouth bass,1,236,200,,false,DE,653669.96439,4315009.4496
123d_2020_047,2020-06-02 18:21:49 UTC,SM,smallmouth bass,1,219,145,,false,DE,653669.96439,4315009.4496
123d_2020_047,2020-06-02 18:22:37 UTC,SM,smallmouth bass,1,236,190,,false,DE,653669.96439,4315009.4496
123d_2020_047,2020-06-02 18:23:20 UTC,SM,smallmouth bass,1,212,130,Female,false,DE,653669.96439,4315009.4496
123d_2020_047,2020-06-02 18:23:57 UTC,SM,smallmouth bass,1,228,175,,false,DE,653669.96439,4315009.4496
123d_2020_047,2020-06-02 18:24:38 UTC,SM,smallmouth bass,1,242,225,,false,DE,653669.96439,4315009.4496
123d_2020_047,2020-06-02 18:25:14 UTC,SM,smallmouth bass,1,217,150,,false,DE,653669.96439,4315009.4496
123d_2020_047,2020-06-02 18:25:47 UTC,SM,smallmouth bass,1,188,90,,false,DE,653669.96439,4315009.4496
123d_2020_047,2020-06-02 18:26:30 UTC,SM,smallmouth bass,1,180,70,,false,DE,653669.96439,4315009.4496
123d_2020_047,2020-06-02 18:27:07 UTC,SM,smallmouth bass,1,215,150,Female,false,DE,653669.96439,4315009.4496
123d_2020_047,2020-06-02 18:27:35 UTC,SM,smallmouth bass,1,164,60,,false,DE,653669.96439,4315009.4496
123d_2020_047,2020-06-02 18:28:00 UTC,SM,smallmouth bass,1,186,100,,false,DE,653669.96439,4315009.4496
123d_2020_047,2020-06-02 18:28:28 UTC,SM,smallmouth bass,1,217,130,Female,false,DE,653669.96439,4315009.4496
123d_2020_047,2020-06-02 18:28:49 UTC,LG,largemouth bass,1,103,5,,false,DE,653669.96439,4315009.4496
123d_2020_047,2020-06-02 18:29:21 UTC,WF,flannelmouth sucker x white sucker,1,282,235,,false,DE,653669.96439,4315009.4496
123d_2020_075,2020-07-02 20:28:22 UTC,SM,smallmouth bass,1,247,250,,false,DE,654936.65852,4314013.16667
123d_2020_075,2020-07-02 20:46:20 UTC,SM,smallmouth bass,1,246,250,,false,DE,654936.65852,4314013.16667
123d_2020_075,2020-07-02 20:46:49 UTC,SM,smallmouth bass,1,272,270,,false,DE,654936.65852,4314013.16667
123d_2020_075,2020-07-02 20:46:59 UTC,SM,smallmouth bass,1,234,160,,false,DE,654936.65852,4314013.16667
123d_2020_075,2020-07-02 20:47:10 UTC,SM,smallmouth bass,1,313,360,,false,DE,654936.65852,4314013.16667
123d_2020_075,2020-07-02 20:47:24 UTC,SM,smallmouth bass,1,244,250,,false,DE,654936.65852,4314013.16667
123d_2020_075,2020-07-02 20:47:37 UTC,SM,smallmouth bass,1,227,160,,false,DE,654936.65852,4314013.16667
123d_2020_075,2020-07-02 20:47:54 UTC,SM,smallmouth bass,1,213,100,,false,DE,654936.65852,4314013.16667
123d_2020_075,2020-07-02 20:48:06 UTC,SM,smallmouth bass,1,301,320,,false,DE,654936.65852,4314013.16667
123d_2020_075,2020-07-02 20:48:50 UTC,SM,smallmouth bass,1,230,150,,false,DE,654936.65852,4314013.16667
123d_2020_075,2020-07-02 20:48:59 UTC,SM,smallmouth bass,1,205,100,,false,DE,654936.65852,4314013.16667
123d_2020_075,2020-07-02 20:49:13 UTC,SM,smallmouth bass,1,282,340,,false,DE,654936.65852,4314013.16667
123d_2020_075,2020-07-02 20:49:32 UTC,SM,smallmouth bass,1,221,150,,false,DE,654936.65852,4314013.16667
123d_2020_075,2020-07-02 20:49:43 UTC,LG,largemouth bass,1,189,80,,false,DE,654936.65852,4314013.16667
123d_2020_075,2020-07-02 20:50:07 UTC,SM,smallmouth bass,1,272,260,,false,DE,654936.65852,4314013.16667
123d_2020_075,2020-07-02 20:50:24 UTC,SM,smallmouth bass,1,231,170,,false,DE,654936.65852,4314013.16667
123d_2020_075,2020-07-02 20:50:41 UTC,SM,smallmouth bass,1,246,200,,false,DE,654936.65852,4314013.16667
123d_2020_075,2020-07-02 20:51:00 UTC,SM,smallmouth bass,1,253,210,,false,DE,654936.65852,4314013.16667
123d_2020_075,2020-07-02 20:51:11 UTC,SM,smallmouth bass,1,221,150,,false,DE,654936.65852,4314013.16667
123d_2020_075,2020-07-02 20:51:23 UTC,SM,smallmouth bass,1,253,220,,false,DE,654936.65852,4314013.16667
123d_2020_075,2020-07-02 20:52:44 UTC,SM,smallmouth bass,1,240,200,,false,DE,654936.65852,4314013.16667
123d_2020_075,2020-07-02 20:52:52 UTC,SM,smallmouth bass,1,289,100,,false,DE,654936.65852,4314013.16667
123d_2020_075,2020-07-02 20:53:10 UTC,SM,smallmouth bass,1,222,110,,false,DE,654936.65852,4314013.16667
123d_2020_075,2020-07-02 20:53:25 UTC,SM,smallmouth bass,1,231,210,,false,DE,654936.65852,4314013.16667
123d_2020_075,2020-07-02 20:53:39 UTC,SM,smallmouth bass,1,211,140,,false,DE,654936.65852,4314013.16667
123d_2020_075,2020-07-02 20:53:46 UTC,SM,smallmouth bass,1,221,160,,false,DE,654936.65852,4314013.16667
123d_2020_075,2020-07-02 20:54:02 UTC,GS,green sunfish,1,142,90,,false,DE,654936.65852,4314013.16667
123d_2020_075,2020-07-02 20:55:09 UTC,GS,green sunfish,1,106,40,,false,DE,654936.65852,4314013.16667
123d_2020_075,2020-07-02 20:55:34 UTC,GS,green sunfish,1,116,30,,false,DE,654936.65852,4314013.16667
123d_2020_075,2020-07-02 20:55:45 UTC,GS,green sunfish,1,94,,,false,DE,654936.65852,4314013.16667
123d_2020_075,2020-07-02 20:55:59 UTC,GS,green sunfish,1,87,,,false,DE,654936.65852,4314013.16667
123d_2020_048,2020-06-02 19:17:06 UTC,CS,Colorado pikeminnow,1,485,980,,false,RA,653560.37474,4315180.69791
123d_2020_048,2020-06-02 21:09:19 UTC,CS,Colorado pikeminnow,1,548,1400,Male,false,RA,652696.65413,4313660.64392
123d_2020_048,2020-06-02 21:12:04 UTC,RT,roundtail chub,1,119,110,,false,RA,652696.65413,4313660.64392
123d_2020_048,2020-06-02 21:46:50 UTC,WF,flannelmouth sucker x white sucker,1,284,250,,false,DE,,
123d_2020_048,2020-06-02 21:47:52 UTC,WS,white sucker,1,242,160,,false,DE,,
123d_2020_048,2020-06-02 21:48:09 UTC,GZ,gizzard shad,1,375,560,,false,DE,,
123d_2020_048,2020-06-02 21:48:46 UTC,GZ,gizzard shad,1,406,750,,false,DE,,
123d_2020_048,2020-06-02 21:49:13 UTC,WF,flannelmouth sucker x white sucker,1,417,720,,false,DE,,
123d_2020_048,2020-06-02 21:49:30 UTC,GS,green sunfish,1,139,75,,false,DE,,
123d_2020_048,2020-06-02 21:50:49 UTC,LG,largemouth bass,1,88,5,,false,DE,,
123d_2020_048,2020-06-02 21:51:03 UTC,SM,smallmouth bass,1,250,250,Female,false,DE,,
123d_2020_048,2020-06-02 21:51:49 UTC,SM,smallmouth bass,1,383,900,Female,false,DE,,
123d_2020_048,2020-06-02 21:53:36 UTC,SM,smallmouth bass,1,356,650,Female,false,DE,,
123d_2020_048,2020-06-02 21:54:35 UTC,SM,smallmouth bass,1,338,640,Female,false,DE,,
123d_2020_048,2020-06-02 21:55:07 UTC,SM,smallmouth bass,1,286,350,Female,false,DE,,
123d_2020_048,2020-06-02 21:55:44 UTC,SM,smallmouth bass,1,310,500,Female,false,DE,,
123d_2020_048,2020-06-02 21:56:32 UTC,SM,smallmouth bass,1,305,460,Female,false,DE,,
123d_2020_048,2020-06-02 21:57:10 UTC,SM,smallmouth bass,1,294,400,Female,false,DE,,
123d_2020_048,2020-06-02 21:57:36 UTC,SM,smallmouth bass,1,282,305,Female,false,DE,,
123d_2020_048,2020-06-02 21:57:56 UTC,SM,smallmouth bass,1,230,205,,false,DE,,
123d_2020_048,2020-06-02 21:58:37 UTC,SM,smallmouth bass,1,253,275,Female,false,DE,,
123d_2020_048,2020-06-02 21:59:16 UTC,SM,smallmouth bass,1,265,300,Female,false,DE,,
123d_2020_048,2020-06-02 21:59:45 UTC,SM,smallmouth bass,1,295,400,Female,false,DE,,
123d_2020_048,2020-06-02 22:00:06 UTC,SM,smallmouth bass,1,252,260,Female,false,DE,,
123d_2020_048,2020-06-02 22:00:41 UTC,SM,smallmouth bass,1,253,250,,false,DE,,
123d_2020_048,2020-06-02 22:01:16 UTC,SM,smallmouth bass,1,221,190,,false,DE,,
123d_2020_048,2020-06-02 22:01:49 UTC,SM,smallmouth bass,1,261,310,Female,false,DE,,
123d_2020_048,2020-06-02 22:02:09 UTC,SM,smallmouth bass,1,246,250,,false,DE,,
123d_2020_048,2020-06-02 22:02:48 UTC,SM,smallmouth bass,1,222,210,,false,DE,,
123d_2020_048,2020-06-02 22:03:15 UTC,SM,smallmouth bass,1,215,180,,false,DE,,
123d_2020_048,2020-06-02 22:04:05 UTC,SM,smallmouth bass,1,240,250,Female,false,DE,,
123d_2020_048,2020-06-02 22:04:32 UTC,YB,yellow bullhead,1,221,160,,false,DE,,
123d_2020_076,2020-07-09 18:53:25 UTC,WE,walleye,1,456,1020,,false,DE,654491.60512,4314621.58538
123d_2020_076,2020-07-09 19:04:43 UTC,SM,smallmouth bass,1,220,150,,false,DE,654491.60512,4314621.58538
123d_2020_076,2020-07-09 19:05:55 UTC,SM,smallmouth bass,1,222,170,,false,DE,654491.60512,4314621.58538
123d_2020_076,2020-07-09 19:06:34 UTC,SM,smallmouth bass,1,212,130,Female,true,DE,654491.60512,4314621.58538
123d_2020_076,2020-07-09 19:07:10 UTC,SM,smallmouth bass,1,228,160,,false,DE,654491.60512,4314621.58538
123d_2020_076,2020-07-09 19:07:56 UTC,SM,smallmouth bass,1,248,220,,false,DE,654491.60512,4314621.58538
123d_2020_076,2020-07-09 19:08:12 UTC,SM,smallmouth bass,1,250,220,,false,DE,654491.60512,4314621.58538
123d_2020_076,2020-07-09 19:08:43 UTC,SM,smallmouth bass,1,188,90,Male,true,DE,654491.60512,4314621.58538
123d_2020_076,2020-07-09 19:09:17 UTC,SM,smallmouth bass,1,236,180,,false,DE,654491.60512,4314621.58538
123d_2020_076,2020-07-09 19:09:38 UTC,SM,smallmouth bass,1,247,200,,false,DE,654491.60512,4314621.58538
123d_2020_076,2020-07-09 19:10:00 UTC,SM,smallmouth bass,1,210,120,Male,true,DE,654491.60512,4314621.58538
123d_2020_076,2020-07-09 19:10:18 UTC,SM,smallmouth bass,1,222,150,,false,DE,654491.60512,4314621.58538
123d_2020_076,2020-07-09 19:10:48 UTC,SM,smallmouth bass,1,182,90,,false,DE,654491.60512,4314621.58538
123d_2020_076,2020-07-09 19:11:09 UTC,SM,smallmouth bass,1,218,180,,false,DE,654491.60512,4314621.58538
123d_2020_076,2020-07-09 19:11:34 UTC,SM,smallmouth bass,1,211,140,,false,DE,654491.60512,4314621.58538
123d_2020_076,2020-07-09 19:11:56 UTC,SM,smallmouth bass,1,330,470,,false,DE,654491.60512,4314621.58538
123d_2020_076,2020-07-09 19:12:20 UTC,SM,smallmouth bass,1,313,460,,false,DE,654491.60512,4314621.58538
123d_2020_076,2020-07-09 19:12:44 UTC,SM,smallmouth bass,1,203,120,,false,DE,654491.60512,4314621.58538
123d_2020_076,2020-07-09 19:13:20 UTC,SM,smallmouth bass,1,173,80,,false,DE,654491.60512,4314621.58538
123d_2020_076,2020-07-09 19:13:46 UTC,SM,smallmouth bass,1,305,380,Female,true,DE,654491.60512,4314621.58538
123d_2020_076,2020-07-09 19:14:15 UTC,SM,smallmouth bass,1,315,450,,false,DE,654491.60512,4314621.58538
123d_2020_076,2020-07-09 19:14:38 UTC,SM,smallmouth bass,1,322,470,Male,false,DE,654491.60512,4314621.58538
123d_2020_076,2020-07-09 19:15:24 UTC,SM,smallmouth bass,1,185,100,,false,DE,654491.60512,4314621.58538
123d_2020_076,2020-07-09 19:15:34 UTC,SM,smallmouth bass,1,310,430,,false,DE,654491.60512,4314621.58538
123d_2020_076,2020-07-09 19:15:59 UTC,SM,smallmouth bass,1,248,220,,false,DE,654491.60512,4314621.58538
123d_2020_076,2020-07-09 19:16:29 UTC,SM,smallmouth bass,1,212,130,Male,true,DE,654491.60512,4314621.58538
123d_2020_076,2020-07-09 19:16:49 UTC,SM,smallmouth bass,1,190,100,,false,DE,654491.60512,4314621.58538
123d_2020_076,2020-07-09 19:17:19 UTC,SM,smallmouth bass,1,259,250,Male,false,DE,654491.60512,4314621.58538
123d_2020_076,2020-07-09 19:17:34 UTC,BG,bluegill,1,137,50,,false,DE,654491.60512,4314621.58538
123d_2020_076,2020-07-09 19:19:44 UTC,GS,green sunfish,1,120,30,Male,true,DE,654491.60512,4314621.58538
123d_2020_076,2020-07-09 19:20:09 UTC,GS,green sunfish,1,125,30,,false,DE,654491.60512,4314621.58538
123d_2020_076,2020-07-09 19:20:28 UTC,GS,green sunfish,1,107,20,Female,true,DE,654491.60512,4314621.58538
123d_2020_076,2020-07-09 19:21:06 UTC,GS,green sunfish,1,116,20,Female,true,DE,654491.60512,4314621.58538
123d_2020_076,2020-07-09 19:21:27 UTC,GS,green sunfish,1,105,20,,false,DE,654491.60512,4314621.58538
123d_2020_037,2020-05-15 17:06:44 UTC,HB,humpback chub,1,131,17,,false,RA,657824.59474,4316259.33891
123d_2020_037,2020-05-15 17:15:21 UTC,SM,smallmouth bass,1,358,680,Female,false,DE,657824.59474,4316259.33891
123d_2020_037,2020-05-15 17:19:02 UTC,SM,smallmouth bass,1,316,370,Female,false,DE,657824.59474,4316259.33891
123d_2020_037,2020-05-15 17:19:36 UTC,SM,smallmouth bass,1,309,380,Male,false,DE,657824.59474,4316259.33891
123d_2020_037,2020-05-15 17:20:10 UTC,SM,smallmouth bass,1,264,290,Female,false,DE,657824.59474,4316259.33891
123d_2020_037,2020-05-15 17:20:35 UTC,SM,smallmouth bass,1,293,360,Male,false,DE,657824.59474,4316259.33891
123d_2020_037,2020-05-15 17:21:18 UTC,SM,smallmouth bass,1,328,470,Male,false,DE,657824.59474,4316259.33891
123d_2020_037,2020-05-15 17:21:52 UTC,SM,smallmouth bass,1,256,260,Male,false,DE,657824.59474,4316259.33891
123d_2020_037,2020-05-15 17:22:24 UTC,SM,smallmouth bass,1,251,240,Male,false,DE,657824.59474,4316259.33891
123d_2020_037,2020-05-15 17:23:54 UTC,SM,smallmouth bass,1,197,110,Female,false,DE,657824.59474,4316259.33891
123d_2020_037,2020-05-15 17:24:28 UTC,SM,smallmouth bass,1,180,90,Male,false,DE,657824.59474,4316259.33891
123d_2020_037,2020-05-15 17:25:01 UTC,SM,smallmouth bass,1,174,70,Female,false,DE,657824.59474,4316259.33891
123d_2020_037,2020-05-15 17:28:33 UTC,HB,humpback chub,1,297,290,,false,RA,657643.86156,4316032.17162
123d_2020_037,2020-05-15 18:31:01 UTC,HB,humpback chub,1,256,190,,false,RA,657456.69046,4315428.52442
123d_2020_037,2020-05-15 18:35:24 UTC,RT,roundtail chub,1,288,300,,false,RA,657456.69046,4315428.52442
123d_2020_037,2020-05-15 18:37:46 UTC,SM,smallmouth bass,1,292,380,Male,false,DE,657456.69046,4315428.52442
123d_2020_037,2020-05-15 18:42:42 UTC,SM,smallmouth bass,1,266,260,Female,false,DE,657456.69046,4315428.52442
123d_2020_037,2020-05-15 18:43:18 UTC,SM,smallmouth bass,1,229,170,Female,false,DE,657456.69046,4315428.52442
123d_2020_037,2020-05-15 18:43:54 UTC,SM,smallmouth bass,1,189,110,Male,false,DE,657456.69046,4315428.52442
123d_2020_037,2020-05-15 18:44:30 UTC,SM,smallmouth bass,1,172,80,Male,false,DE,657456.69046,4315428.52442
123d_2020_037,2020-05-15 18:45:10 UTC,SM,smallmouth bass,1,171,80,Female,false,DE,657456.69046,4315428.52442
123d_2020_037,2020-05-15 18:45:36 UTC,SM,smallmouth bass,1,260,250,Female,false,DE,657456.69046,4315428.52442
123d_2020_037,2020-05-15 18:46:10 UTC,SM,smallmouth bass,1,191,110,Male,false,DE,657456.69046,4315428.52442
123d_2020_037,2020-05-15 18:46:46 UTC,SM,smallmouth bass,1,184,100,Female,false,DE,657456.69046,4315428.52442
123d_2020_037,2020-05-15 18:47:15 UTC,SM,smallmouth bass,1,170,90,Female,false,DE,657456.69046,4315428.52442
123d_2020_037,2020-05-15 18:47:51 UTC,SM,smallmouth bass,1,184,100,Female,false,DE,657456.69046,4315428.52442
123d_2020_037,2020-05-15 18:48:23 UTC,SM,smallmouth bass,1,212,140,Female,false,DE,657456.69046,4315428.52442
123d_2020_037,2020-05-15 18:49:13 UTC,SM,smallmouth bass,1,204,140,Male,false,DE,657456.69046,4315428.52442
123d_2020_037,2020-05-15 18:50:17 UTC,SM,smallmouth bass,1,189,100,Male,false,DE,657456.69046,4315428.52442
123d_2020_037,2020-05-15 18:50:41 UTC,SM,smallmouth bass,1,209,150,Female,false,DE,657456.69046,4315428.52442
123d_2020_037,2020-05-15 18:51:22 UTC,SM,smallmouth bass,1,154,60,Female,false,DE,657456.69046,4315428.52442
123d_2020_037,2020-05-15 18:51:54 UTC,SM,smallmouth bass,1,154,50,,false,DE,657456.69046,4315428.52442
123d_2020_037,2020-05-15 18:52:58 UTC,SM,smallmouth bass,1,177,90,Female,false,DE,657456.69046,4315428.52442
123d_2020_037,2020-05-15 18:53:25 UTC,GS,green sunfish,1,151,80,,false,DE,657456.69046,4315428.52442
123d_2020_037,2020-05-15 18:54:23 UTC,GS,green sunfish,1,86,,,false,DE,657456.69046,4315428.52442
123d_2020_037,2020-05-15 18:54:52 UTC,WS,white sucker,1,414,920,Female,false,DE,657456.69046,4315428.52442
123d_2020_038,2020-05-15 19:44:05 UTC,CH,"unknown chub, or chub with both humpback and roundtail characteristics",1,145,28,,false,RA,657335.54609,4315054.74297
123d_2020_038,2020-05-15 19:46:20 UTC,CH,"unknown chub, or chub with both humpback and roundtail characteristics",1,152,30,,false,RA,657335.54609,4315054.74297
123d_2020_038,2020-05-15 19:50:01 UTC,CH,"unknown chub, or chub with both humpback and roundtail characteristics",1,138,20,,false,RA,657335.54609,4315054.74297
123d_2020_038,2020-05-15 20:45:26 UTC,CH,"unknown chub, or chub with both humpback and roundtail characteristics",1,110,,,false,RA,656923.92745,4314484.1693
123d_2020_038,2020-05-15 20:46:10 UTC,CH,"unknown chub, or chub with both humpback and roundtail characteristics",1,125,21,,false,RA,656923.92745,4314484.1693
123d_2020_038,2020-05-15 20:48:29 UTC,SM,smallmouth bass,1,310,480,Male,false,DE,656923.92745,4314484.1693
123d_2020_038,2020-05-15 20:51:41 UTC,SM,smallmouth bass,1,240,220,Male,false,DE,656923.92745,4314484.1693
123d_2020_038,2020-05-15 20:52:21 UTC,SM,smallmouth bass,1,223,190,Male,false,DE,656923.92745,4314484.1693
123d_2020_038,2020-05-15 20:53:12 UTC,SM,smallmouth bass,1,190,90,,false,DE,656923.92745,4314484.1693
123d_2020_038,2020-05-15 20:53:39 UTC,SM,smallmouth bass,1,177,90,Female,false,DE,656923.92745,4314484.1693
123d_2020_038,2020-05-15 20:54:17 UTC,SM,smallmouth bass,1,256,250,Female,false,DE,656923.92745,4314484.1693
123d_2020_038,2020-05-15 20:54:54 UTC,SM,smallmouth bass,1,180,100,,false,DE,656923.92745,4314484.1693
123d_2020_038,2020-05-15 20:55:44 UTC,SM,smallmouth bass,1,204,120,Female,false,DE,656923.92745,4314484.1693
123d_2020_038,2020-05-15 20:58:38 UTC,SM,smallmouth bass,1,223,150,Female,false,DE,656923.92745,4314484.1693
123d_2020_038,2020-05-15 20:59:14 UTC,SM,smallmouth bass,1,211,150,Male,false,DE,656923.92745,4314484.1693
123d_2020_038,2020-05-15 21:00:21 UTC,SM,smallmouth bass,1,180,80,Female,false,DE,656923.92745,4314484.1693
123d_2020_038,2020-05-15 21:01:31 UTC,SM,smallmouth bass,1,195,110,Male,false,DE,656923.92745,4314484.1693
123d_2020_038,2020-05-15 21:02:13 UTC,SM,smallmouth bass,1,165,60,Female,false,DE,656923.92745,4314484.1693
123d_2020_038,2020-05-15 21:02:54 UTC,SM,smallmouth bass,1,175,80,Female,false,DE,656923.92745,4314484.1693
123d_2020_038,2020-05-15 21:03:29 UTC,SM,smallmouth bass,1,185,100,Female,false,DE,656923.92745,4314484.1693
123d_2020_038,2020-05-15 21:04:03 UTC,SM,smallmouth bass,1,180,90,Female,false,DE,656923.92745,4314484.1693
123d_2020_038,2020-05-15 21:04:45 UTC,SM,smallmouth bass,1,235,160,Male,false,DE,656923.92745,4314484.1693
123d_2020_038,2020-05-15 21:05:24 UTC,SM,smallmouth bass,1,195,100,Female,false,DE,656923.92745,4314484.1693
123d_2020_038,2020-05-15 21:06:17 UTC,SM,smallmouth bass,1,203,120,Female,false,DE,656923.92745,4314484.1693
123d_2020_038,2020-05-15 21:07:00 UTC,SM,smallmouth bass,1,165,70,Female,false,DE,656923.92745,4314484.1693
123d_2020_038,2020-05-15 21:09:00 UTC,SM,smallmouth bass,1,153,50,,false,DE,656923.92745,4314484.1693
123d_2020_038,2020-05-15 21:09:41 UTC,SM,smallmouth bass,1,164,70,,false,DE,656923.92745,4314484.1693
123d_2020_038,2020-05-15 21:10:12 UTC,SM,smallmouth bass,1,171,90,Male,false,DE,656923.92745,4314484.1693
123d_2020_038,2020-05-15 21:10:48 UTC,SM,smallmouth bass,1,180,90,Male,false,DE,656923.92745,4314484.1693
123d_2020_038,2020-05-15 21:11:36 UTC,SM,smallmouth bass,1,171,80,Female,false,DE,656923.92745,4314484.1693
123d_2020_038,2020-05-15 21:12:02 UTC,SM,smallmouth bass,1,135,40,,false,DE,656923.92745,4314484.1693
123d_2020_038,2020-05-15 21:12:48 UTC,SM,smallmouth bass,1,105,,,false,DE,656923.92745,4314484.1693
123d_2020_038,2020-05-15 21:13:03 UTC,GS,green sunfish,1,66,,,false,DE,656923.92745,4314484.1693
123d_2020_038,2020-05-15 21:13:40 UTC,BG,bluegill,1,173,130,Female,false,DE,656923.92745,4314484.1693
123d_2020_038,2020-05-15 21:13:57 UTC,BG,bluegill,1,120,30,Female,false,DE,656923.92745,4314484.1693
123d_2020_038,2020-05-15 21:15:20 UTC,GS,green sunfish,1,135,50,Male,false,DE,656923.92745,4314484.1693
123d_2020_038,2020-05-15 21:16:05 UTC,GS,green sunfish,1,98,,Female,false,DE,656923.92745,4314484.1693
123d_2020_038,2020-05-15 21:16:29 UTC,GS,green sunfish,1,83,,Female,false,DE,656923.92745,4314484.1693
123d_2020_038,2020-05-15 21:17:12 UTC,GS,green sunfish,1,105,,Female,false,DE,656923.92745,4314484.1693
123d_2020_046,2020-05-28 20:05:08 UTC,CS,Colorado pikeminnow,1,510,990,,false,RA,656349.07293,4314170.21791
123d_2020_046,2020-05-28 20:07:51 UTC,RT,roundtail chub,1,170,45,,false,RA,656349.07293,4314170.21791
123d_2020_046,2020-05-28 20:53:35 UTC,SM,smallmouth bass,1,210,210,Male,false,DE,655278.69722,4313761.57123
123d_2020_046,2020-05-28 20:59:45 UTC,SM,smallmouth bass,1,209,150,Female,false,DE,655278.69722,4313761.57123
123d_2020_046,2020-05-28 21:00:56 UTC,SM,smallmouth bass,1,240,210,Male,false,DE,655278.69722,4313761.57123
123d_2020_046,2020-05-28 21:01:34 UTC,SM,smallmouth bass,1,337,550,Male,false,DE,655278.69722,4313761.57123
123d_2020_046,2020-05-28 21:02:33 UTC,SM,smallmouth bass,1,253,260,Male,false,DE,655278.69722,4313761.57123
123d_2020_046,2020-05-28 21:03:15 UTC,SM,smallmouth bass,1,205,140,Female,false,DE,655278.69722,4313761.57123
123d_2020_046,2020-05-28 21:03:49 UTC,SM,smallmouth bass,1,320,540,Male,false,DE,655278.69722,4313761.57123
123d_2020_046,2020-05-28 21:04:56 UTC,SM,smallmouth bass,1,250,220,Female,false,DE,655278.69722,4313761.57123
123d_2020_046,2020-05-28 21:05:30 UTC,SM,smallmouth bass,1,230,190,Male,false,DE,655278.69722,4313761.57123
123d_2020_046,2020-05-28 21:05:58 UTC,SM,smallmouth bass,1,238,200,Male,false,DE,655278.69722,4313761.57123
123d_2020_046,2020-05-28 21:06:36 UTC,SM,smallmouth bass,1,200,110,Female,false,DE,655278.69722,4313761.57123
123d_2020_046,2020-05-28 21:07:18 UTC,SM,smallmouth bass,1,270,255,Male,false,DE,655278.69722,4313761.57123
123d_2020_046,2020-05-28 21:08:04 UTC,SM,smallmouth bass,1,230,175,Female,false,DE,655278.69722,4313761.57123
123d_2020_046,2020-05-28 21:08:42 UTC,SM,smallmouth bass,1,168,50,Female,false,DE,655278.69722,4313761.57123
123d_2020_046,2020-05-28 21:09:24 UTC,SM,smallmouth bass,1,168,50,Male,false,DE,655278.69722,4313761.57123
123d_2020_046,2020-05-28 21:10:05 UTC,LG,largemouth bass,1,130,30,,false,DE,655278.69722,4313761.57123
123d_2020_046,2020-05-28 21:11:03 UTC,SM,smallmouth bass,1,215,150,Male,false,DE,655278.69722,4313761.57123
123d_2020_046,2020-05-28 21:11:41 UTC,SM,smallmouth bass,1,170,60,Female,false,DE,655278.69722,4313761.57123
123d_2020_046,2020-05-28 21:12:44 UTC,SM,smallmouth bass,1,190,100,Male,false,DE,655278.69722,4313761.57123
123d_2020_046,2020-05-28 21:13:14 UTC,SM,smallmouth bass,1,120,20,,false,DE,655278.69722,4313761.57123
123d_2020_046,2020-05-28 21:13:42 UTC,LG,largemouth bass,1,100,,,false,DE,655278.69722,4313761.57123
123d_2020_046,2020-05-28 21:14:02 UTC,SM,smallmouth bass,1,125,20,,false,DE,655278.69722,4313761.57123
123d_2020_046,2020-05-28 21:14:24 UTC,SM,smallmouth bass,1,210,150,Female,false,DE,655278.69722,4313761.57123
123d_2020_046,2020-05-28 21:15:09 UTC,SM,smallmouth bass,1,198,125,Female,false,DE,655278.69722,4313761.57123
123d_2020_046,2020-05-28 21:15:38 UTC,SM,smallmouth bass,1,330,620,Male,false,DE,655278.69722,4313761.57123
123d_2020_046,2020-05-28 21:17:17 UTC,SM,smallmouth bass,1,295,300,Male,false,DE,655278.69722,4313761.57123
123d_2020_046,2020-05-28 21:17:58 UTC,SM,smallmouth bass,1,215,150,Female,false,DE,655278.69722,4313761.57123
123d_2020_046,2020-05-28 21:18:33 UTC,LG,largemouth bass,1,140,40,,false,DE,655278.69722,4313761.57123
123d_2020_046,2020-05-28 21:19:09 UTC,SM,smallmouth bass,1,200,140,Male,false,DE,655278.69722,4313761.57123
123d_2020_046,2020-05-28 21:19:53 UTC,SM,smallmouth bass,1,184,80,Male,false,DE,655278.69722,4313761.57123
123d_2020_046,2020-05-28 21:20:52 UTC,SM,smallmouth bass,1,190,100,Female,false,DE,655278.69722,4313761.57123
123d_2020_046,2020-05-28 21:21:26 UTC,GS,green sunfish,1,120,10,Male,true,DE,655278.69722,4313761.57123
123d_2020_046,2020-05-28 21:21:52 UTC,GS,green sunfish,1,105,,Male,true,DE,655278.69722,4313761.57123
123d_2020_046,2020-05-28 21:22:04 UTC,GS,green sunfish,1,98,,Male,true,DE,655278.69722,4313761.57123
123d_2020_046,2020-05-28 21:22:51 UTC,BC,black crappie,1,135,40,,false,DE,655278.69722,4313761.57123
123d_2020_046,2020-05-28 21:23:18 UTC,WS,white sucker,1,355,610,Male,false,DE,655278.69722,4313761.57123
123d_2020_046,2020-05-28 21:24:11 UTC,WS,white sucker,1,180,60,,false,DE,655278.69722,4313761.57123
